Workbook

Sheet CRA
A1: Ressource | B1: Code projet | C1: Projet | D1: Profil | F1: S19 | R1: S21 | X1: S22
F2: 4 | G2: 5 | H2: 6 | I2: 7 | J2: 8 | L2: 11 | M2: 12 | N2: 13 | O2: 14 | P2: 15 | R2: 18 | S2: 19 | T2: 20 | U2: 21 | V2: 22 | X2: 25 | Y2: 26 | Z2: 27 | AA2: 28 | AB2: 29 | AD2: TOTAL | AE2: Commentaires
A3: QUALITE
A4: FANOMEZANIRINA Fenohery | F4: =SUM(F5:F12) -> 1 | G4: =SUM(G5:G12) -> 1 | H4: =SUM(H5:H12) -> 1 | I4: =SUM(I5:I12) -> 1 | J4: =SUM(J5:J12) -> 1 | L4: =SUM(L5:L12) -> 0 | M4: =SUM(M5:M12) -> 0 | N4: =SUM(N5:N12) -> 0 | O4: =SUM(O5:O12) -> 0 | P4: =SUM(P5:P12) -> 0 | R4: =SUM(R5:R12) -> 0 | S4: =SUM(S5:S12) -> 0 | T4: =SUM(T5:T12) -> 0 | U4: =SUM(U5:U12) -> 0 | V4: =SUM(V5:V12) -> 0 | X4: =SUM(X5:X12) -> 0 | Y4: =SUM(Y5:Y12) -> 0 | Z4: =SUM(Z5:Z12) -> 0 | AA4: =SUM(AA5:AA12) -> 0 | AB4: =SUM(AB5:AB12) -> 0 | AD4: =SUM(E4:AA4) -> 5 | AE4: =SUM(E4:AA4) -> 5
B5: _Absences | C5: =VLOOKUP(B5,'Lignes Activités'!$A$3:$D$251,2) -> #N/A | D5: FATAPLUS | F5: 1 | G5: 1 | H5: 1 | I5: 1 | J5: 1 | AD5: =SUM(E5:AA5) -> 5
B6: _INT_AV | C6: =VLOOKUP(B6,'Lignes Activités'!$A$3:$D$251,2) -> INT_Avant Vente | D6: FATAPLUS | AD6: =SUM(E6:AA6) -> 0
B7: _INT_Formation | C7: =VLOOKUP(B7,'Lignes Activités'!$A$3:$D$251,2) -> INT_Formation | D7: FATAPLUS | AD7: =SUM(E7:AA7) -> 0
B8: _INT_Pôle | C8: =VLOOKUP(B8,'Lignes Activités'!$A$3:$D$251,2) -> INT_Pôle (AV, RH, Formation, …) | D8: FATAPLUS | AD8: =SUM(E8:AA8) -> 0
B9: _Inter Contrat | C9: =VLOOKUP(B9,'Lignes Activités'!$A$3:$D$251,2) -> Inter Contrat | D9: FATAPLUS | AD9: =SUM(E9:AA9) -> 0
C10: =VLOOKUP(B10,'Lignes Activités'!$A$3:$D$251,2) -> #N/A | D10: FATAPLUS | AD10: =SUM(E10:AA10) -> 0
C11: =VLOOKUP(B11,'Lignes Activités'!$A$3:$D$251,2) -> #N/A | D11: FATAPLUS | AD11: =SUM(E11:AA11) -> 0
C12: =VLOOKUP(B12,'Lignes Activités'!$A$3:$D$251,2) -> #N/A | D12: FATAPLUS | AD12: =SUM(E12:AA12) -> 0
A13: RAVO NAMBININA Ny Aina Hermisa | D13: FATAPLUS | F13: =SUM(F14:F22) -> 1 | G13: =SUM(G14:G22) -> 1 | H13: =SUM(H14:H22) -> 1 | I13: =SUM(I14:I22) -> 1 | J13: =SUM(J14:J22) -> 1 | L13: =SUM(L14:L22) -> 1 | M13: =SUM(M14:M22) -> 1 | N13: =SUM(N14:N22) -> 1 | O13: =SUM(O14:O22) -> 1 | P13: =SUM(P14:P22) -> 1 | R13: =SUM(R14:R22) -> 1 | S13: =SUM(S14:S22) -> 1 | T13: =SUM(T14:T22) -> 0 | U13: =SUM(U14:U22) -> 0 | V13: =SUM(V14:V22) -> 0 | X13: =SUM(X14:X22) -> 0 | Y13: =SUM(Y14:Y22) -> 0 | Z13: =SUM(Z14:Z22) -> 0 | AA13: =SUM(AA14:AA22) -> 0 | AB13: =SUM(AB14:AB22) -> 0 | AD13: =SUM(E13:AA13) -> 12 | AE13: =SUM(E13:AA13) -> 12
B14: _Absences | C14: =VLOOKUP(B14,'Lignes Activités'!$A$3:$D$251,2) -> #N/A | D14: FATAPLUS | AD14: =SUM(E14:AA14) -> 0
B15: _INT_AV | C15: =VLOOKUP(B15,'Lignes Activités'!$A$3:$D$251,2) -> INT_Avant Vente | D15: FATAPLUS | AD15: =SUM(E15:AA15) -> 0
B16: _INT_Formation | C16: =VLOOKUP(B16,'Lignes Activités'!$A$3:$D$251,2) -> INT_Formation | D16: FATAPLUS | AD16: =SUM(E16:AA16) -> 0
B17: _INT_Pôle | C17: =VLOOKUP(B17,'Lignes Activités'!$A$3:$D$251,2) -> INT_Pôle (AV, RH, Formation, …) | D17: FATAPLUS | R17: 0.5 | AD17: =SUM(E17:AA17) -> 0.5
B18: _Inter Contrat | C18: =VLOOKUP(B18,'Lignes Activités'!$A$3:$D$251,2) -> Inter Contrat | D18: FATAPLUS | AD18: =SUM(E18:AA18) -> 0
B19: CP-TOGO-NOVISSI | C19: =VLOOKUP(B19,'Lignes Activités'!$A$3:$D$251,2) -> NOVISSI | D19: FATAPLUS | F19: 0.5 | G19: 1 | H19: 1 | I19: 1 | J19: 0.5 | M19: 0.5 | N19: 1 | AD19: =SUM(E19:AA19) -> 5.5
B20: CP-TELMA-BONDY | C20: =VLOOKUP(B20,'Lignes Activités'!$A$3:$D$251,2) -> BONDY | D20: FATAPLUS | F20: 0.5 | J20: 0.5 | L20: 1 | M20: 0.5 | O20: 1 | P20: 1 | R20: 0.5 | S20: 1 | AD20: =SUM(E20:AA20) -> 6
C21: =VLOOKUP(B21,'Lignes Activités'!$A$3:$D$251,2) -> #N/A | D21: FATAPLUS | AD21: =SUM(E21:AA21) -> 0
C22: =VLOOKUP(B22,'Lignes Activités'!$A$3:$D$251,2) -> #N/A | D22: FATAPLUS | AD22: =SUM(E22:AA22) -> 0
A23: SOLOFONIRINA Mahefa Sumario | D23: FATAPLUS | F23: =SUM(F24:F31) -> 0 | G23: =SUM(G24:G31) -> 0 | H23: =SUM(H24:H31) -> 0 | I23: =SUM(I24:I31) -> 0 | J23: =SUM(J24:J31) -> 0 | L23: =SUM(L24:L31) -> 0 | M23: =SUM(M24:M31) -> 0 | N23: =SUM(N24:N31) -> 0 | O23: =SUM(O24:O31) -> 0 | P23: =SUM(P24:P31) -> 0 | R23: =SUM(R24:R31) -> 0 | S23: =SUM(S24:S31) -> 0 | T23: =SUM(T24:T30) -> 0 | U23: =SUM(U24:U30) -> 0 | V23: =SUM(V24:V30) -> 0 | X23: =SUM(X24:X31) -> 0 | Y23: =SUM(Y24:Y31) -> 0 | Z23: =SUM(Z24:Z31) -> 0 | AA23: =SUM(AA24:AA31) -> 0 | AB23: =SUM(AB24:AB31) -> 0 | AD23: =SUM(E23:AA23) -> 0 | AE23: =SUM(E23:AA23) -> 0
B24: _Absences | C24: =VLOOKUP(B24,'Lignes Activités'!$A$3:$D$251,2) -> #N/A | D24: FATAPLUS | AD24: =SUM(E24:AA24) -> 0
B25: _INT_AV | C25: =VLOOKUP(B25,'Lignes Activités'!$A$3:$D$251,2) -> INT_Avant Vente | D25: FATAPLUS | AD25: =SUM(E25:AA25) -> 0
B26: _INT_Formation | C26: =VLOOKUP(B26,'Lignes Activités'!$A$3:$D$251,2) -> INT_Formation | D26: FATAPLUS | AD26: =SUM(E26:AA26) -> 0
B27: _INT_Pôle | C27: =VLOOKUP(B27,'Lignes Activités'!$A$3:$D$251,2) -> INT_Pôle (AV, RH, Formation, …) | D27: FATAPLUS | AD27: =SUM(E27:AA27) -> 0
B28: _Inter Contrat | C28: =VLOOKUP(B28,'Lignes Activités'!$A$3:$D$251,2) -> Inter Contrat | D28: FATAPLUS | AD28: =SUM(E28:AA28) -> 0
C29: =VLOOKUP(B29,'Lignes Activités'!$A$3:$D$251,2) -> #N/A | D29: FATAPLUS | AD29: =SUM(E29:AA29) -> 0
C30: =VLOOKUP(B30,'Lignes Activités'!$A$3:$D$251,2) -> #N/A | D30: FATAPLUS | AD30: =SUM(E30:AA30) -> 0
C31: =VLOOKUP(B31,'Lignes Activités'!$A$3:$D$251,2) -> #N/A | D31: FATAPLUS | AD31: =SUM(E31:AA31) -> 0
A32: Fenohery FANOMEZANIRINA | F32: =SUM(F33:F40) -> 0 | G32: =SUM(G33:G40) -> 0 | H32: =SUM(H33:H40) -> 0 | I32: =SUM(I33:I40) -> 0 | J32: =SUM(J33:J40) -> 0 | L32: =SUM(L33:L40) -> 0 | M32: =SUM(M33:M40) -> 0 | N32: =SUM(N33:N40) -> 0 | O32: =SUM(O33:O40) -> 0 | P32: =SUM(P33:P40) -> 0 | R32: =SUM(R33:R40) -> 0 | S32: =SUM(S33:S40) -> 0 | T32: =SUM(T33:T40) -> 0 | U32: =SUM(U33:U40) -> 0 | V32: =SUM(V33:V40) -> 0 | X32: =SUM(X33:X40) -> 0 | Y32: =SUM(Y33:Y40) -> 0 | Z32: =SUM(Z33:Z40) -> 0 | AA32: =SUM(AA33:AA40) -> 0 | AB32: =SUM(AB33:AB40) -> 0 | AD32: =SUM(E32:AA32) -> 0 | AE32: =SUM(E32:AA32) -> 0
B33: _Absences | C33: =VLOOKUP(B33,'Lignes Activités'!$A$3:$D$251,2) -> #N/A | D33: IED | AD33: =SUM(E33:AA33) -> 0
B34: _INT_AV | C34: =VLOOKUP(B34,'Lignes Activités'!$A$3:$D$251,2) -> INT_Avant Vente | D34: IED | AD34: =SUM(E34:AA34) -> 0
B35: _INT_Formation | C35: =VLOOKUP(B35,'Lignes Activités'!$A$3:$D$251,2) -> INT_Formation | D35: IED | AD35: =SUM(E35:AA35) -> 0
B36: _INT_Pôle | C36: =VLOOKUP(B36,'Lignes Activités'!$A$3:$D$251,2) -> INT_Pôle (AV, RH, Formation, …) | D36: IED | AD36: =SUM(E36:AA36) -> 0
B37: _Inter Contrat | C37: =VLOOKUP(B37,'Lignes Activités'!$A$3:$D$251,2) -> Inter Contrat | D37: IED | AD37: =SUM(E37:AA37) -> 0
C38: =VLOOKUP(B38,'Lignes Activités'!$A$3:$D$251,2) -> #N/A | D38: IED | AD38: =SUM(E38:AA38) -> 0
C39: =VLOOKUP(B39,'Lignes Activités'!$A$3:$D$251,2) -> #N/A | D39: IED | AD39: =SUM(E39:AA39) -> 0
C40: =VLOOKUP(B40,'Lignes Activités'!$A$3:$D$251,2) -> #N/A | D40: IED | AD40: =SUM(E40:AA40) -> 0

Sheet Lignes Activités
A1: Code Projet | B1: Projet | C1: Client | D1: TimeSheet Groupe | E1: Type | F1: Saisie
A2: _Absences | B2: Absences (CP, CSS, CM, Liberté Préavis, Récup, …) | C2: PULSE | D2: Absences | E2: NON | F2: 1
A3: _INT_AV | B3: INT_Avant Vente | C3: PULSE | D3: PULSE | E3: NON | F3: 0.75
A4: _INT_Formation | B4: INT_Formation | C4: PULSE | D4: PULSE | E4: NON | F4: 0.5
A5: _INT_Pôle | B5: INT_Pôle (AV, RH, Formation, …) | C5: PULSE | D5: PULSE | E5: NON | F5: 0.25
A6: _Inter Contrat | B6: Inter Contrat | C6: PULSE | D6: InterContrat | E6: NON
A7: _PULSE-COM | B7: Communication Pulse | C7: PULSE | D7: PULSE | E7: NON
A8: _PULSE-EAE-Liferay | B8: EAE Liferay | C8: PULSE | D8: PULSE | E8: NON
A9: _PULSE-EXPLOITATION | B9: Exploitation PULSE | C9: PULSE | D9: PULSE | E9: NON
A10: _PULSE-JENKINS | B10: Intégration continue | C10: PULSE | D10: PULSE | E10: NON
A11: _PULSE-OA | B11: Office Automation PULSE | C11: PULSE | D11: PULSE | E11: NON
A12: _PULSE-SECU | B12: SECU PULSE | C12: PULSE | D12: PULSE | E12: NON
A13: _PULSE-SI | B13: SI PULSE | C13: PULSE | D13: PULSE | E13: NON
A14: _PULSE-SITE | B14: Site PULSE | C14: PULSE | D14: PULSE | E14: NON
A15: AMP LIMPIDE | B15: AMP LIMPIDE | C15: LIMPIDE | D15: Externe | E15: NON
A16: BARTH01248/BARTH68981 | B16: Bathélémy | C16: Barthélémy | D16: Externe | E16: NON
A17: BASAN31949/BlackPearl V2 | B17: BlackPearl V2 | C17: BASAN | D17: Externe | E17: NON
... A228: TELMACDS/SENTINELCOMORES | B228: SENTINEL COMORES | C228: TELMA CDS | D228: Groupe | E228: NON
